subject,froi_size,froi,task,contrast,effect_size
040,294.0,1,SWNloc,S,1.2348976203012376
040,162.0,2,SWNloc,S,0.3026370930482074
040,64.0,3,SWNloc,S,-0.031002780169122463
040,74.0,4,SWNloc,S,1.6194009030833505
040,46.0,5,SWNloc,S,0.38939696320912975
040,37.0,6,SWNloc,S,1.2657309501801055
040,294.0,1,SWNloc,W,0.8465400493171599
040,162.0,2,SWNloc,W,0.2876359880197632
040,64.0,3,SWNloc,W,-0.3704560447949916
040,74.0,4,SWNloc,W,1.6121619712762736
040,46.0,5,SWNloc,W,0.8899649098191572
040,37.0,6,SWNloc,W,0.9897214721988987
040,294.0,1,SWNloc,N,0.48767772616801125
040,162.0,2,SWNloc,N,0.23735263748736402
040,64.0,3,SWNloc,N,-0.5138488317837849
040,74.0,4,SWNloc,N,1.0150000453498718
040,46.0,5,SWNloc,N,0.7554180076264817
040,37.0,6,SWNloc,N,1.263314107449742
040,294.0,1,EventsOrig,Sem_photo,-0.7954869687075721
040,162.0,2,EventsOrig,Sem_photo,-0.05354402423548846
040,64.0,3,EventsOrig,Sem_photo,0.22674225666560233
040,74.0,4,EventsOrig,Sem_photo,0.5826138501634469
040,46.0,5,EventsOrig,Sem_photo,1.1709063679951688
040,37.0,6,EventsOrig,Sem_photo,1.2478644710940283
040,294.0,1,EventsOrig,Perc_photo,-0.586019826837543
040,162.0,2,EventsOrig,Perc_photo,0.27069477609324233
040,64.0,3,EventsOrig,Perc_photo,0.01597770507214591
040,74.0,4,EventsOrig,Perc_photo,0.8411624376737589
040,46.0,5,EventsOrig,Perc_photo,1.1871375595421896
040,37.0,6,EventsOrig,Perc_photo,-0.06445087854926651
040,294.0,1,EventsOrig,Sem_sent,-0.08578652271456054
040,162.0,2,EventsOrig,Sem_sent,0.03732937604855792
040,64.0,3,EventsOrig,Sem_sent,0.12406284763710573
040,74.0,4,EventsOrig,Sem_sent,0.9040134758059237
040,46.0,5,EventsOrig,Sem_sent,1.3232337042041447
040,37.0,6,EventsOrig,Sem_sent,1.9750994886900928
040,294.0,1,EventsOrig,Perc_sent,-0.5557474671755316
040,162.0,2,EventsOrig,Perc_sent,0.04892927826738652
040,64.0,3,EventsOrig,Perc_sent,-0.22206242906395346
040,74.0,4,EventsOrig,Perc_sent,0.5115899544058217
040,46.0,5,EventsOrig,Perc_sent,0.8704075233443923
040,37.0,6,EventsOrig,Perc_sent,-0.25961195702689727
057,294.0,1,SWNloc,S,2.447833142410161
057,162.0,2,SWNloc,S,1.6333153287807303
057,64.0,3,SWNloc,S,1.8170425328620088
057,74.0,4,SWNloc,S,2.108356186868371
057,46.0,5,SWNloc,S,1.9043895935287962
057,37.0,6,SWNloc,S,3.195365164244363
057,294.0,1,SWNloc,W,3.2248497402586906
057,162.0,2,SWNloc,W,1.2004893893249518
057,64.0,3,SWNloc,W,2.1346813524141908
057,74.0,4,SWNloc,W,3.751366937482679
057,46.0,5,SWNloc,W,3.8875859768494316
057,37.0,6,SWNloc,W,3.1470459087474927
057,294.0,1,SWNloc,N,0.5947990424312279
057,162.0,2,SWNloc,N,0.12880878841673088
057,64.0,3,SWNloc,N,-0.39625032003338373
057,74.0,4,SWNloc,N,1.7119358348857343
057,46.0,5,SWNloc,N,1.279533105957207
057,37.0,6,SWNloc,N,0.40804864144003067
057,294.0,1,EventsOrig,Sem_photo,-0.18859925505001934
057,162.0,2,EventsOrig,Sem_photo,-0.48798301227298785
057,64.0,3,EventsOrig,Sem_photo,0.3070789650664665
057,74.0,4,EventsOrig,Sem_photo,0.298745761147222
057,46.0,5,EventsOrig,Sem_photo,0.6800912689903508
057,37.0,6,EventsOrig,Sem_photo,1.1016150471326467
057,294.0,1,EventsOrig,Perc_photo,-0.87291498910509
057,162.0,2,EventsOrig,Perc_photo,-0.9517127857715996
057,64.0,3,EventsOrig,Perc_photo,-1.7893459713086486
057,74.0,4,EventsOrig,Perc_photo,-1.3709410888117712
057,46.0,5,EventsOrig,Perc_photo,-0.42331945426438167
057,37.0,6,EventsOrig,Perc_photo,-1.6377595501977045
057,294.0,1,EventsOrig,Sem_sent,2.0005097212333256
057,162.0,2,EventsOrig,Sem_sent,0.36264183259580607
057,64.0,3,EventsOrig,Sem_sent,0.20403029344743118
057,74.0,4,EventsOrig,Sem_sent,1.4242135505821254
057,46.0,5,EventsOrig,Sem_sent,1.5437464066173718
057,37.0,6,EventsOrig,Sem_sent,1.2606079103173435
057,294.0,1,EventsOrig,Perc_sent,0.06420494402524363
057,162.0,2,EventsOrig,Perc_sent,-0.8255287912432794
057,64.0,3,EventsOrig,Perc_sent,-1.7117597595788538
057,74.0,4,EventsOrig,Perc_sent,-0.5115370740358894
057,46.0,5,EventsOrig,Perc_sent,-0.07809187374685121
057,37.0,6,EventsOrig,Perc_sent,-0.413736683694092
059,294.0,1,SWNloc,S,1.5950720729908214
059,162.0,2,SWNloc,S,0.7692488535947093
059,64.0,3,SWNloc,S,1.2045450705263647
059,74.0,4,SWNloc,S,1.713152199903889
059,46.0,5,SWNloc,S,1.8332897506762242
059,37.0,6,SWNloc,S,0.9636369281121202
059,294.0,1,SWNloc,W,1.2396789554531882
059,162.0,2,SWNloc,W,0.5337417390884509
059,64.0,3,SWNloc,W,0.7536071146605536
059,74.0,4,SWNloc,W,0.9069521973362645
059,46.0,5,SWNloc,W,1.7672094573145327
059,37.0,6,SWNloc,W,0.7764561732073088
059,294.0,1,SWNloc,N,0.8022380543935178
059,162.0,2,SWNloc,N,0.2747578631210167
059,64.0,3,SWNloc,N,0.45921058719492674
059,74.0,4,SWNloc,N,1.067365756720359
059,46.0,5,SWNloc,N,0.8016206013828354
059,37.0,6,SWNloc,N,0.4736623002954566
059,294.0,1,EventsOrig,Sem_photo,0.5730386448225805
059,162.0,2,EventsOrig,Sem_photo,0.10259004583421313
059,64.0,3,EventsOrig,Sem_photo,1.5545286850538105
059,74.0,4,EventsOrig,Sem_photo,1.833427098957268
059,46.0,5,EventsOrig,Sem_photo,0.9093235818588216
059,37.0,6,EventsOrig,Sem_photo,0.803640361573245
059,294.0,1,EventsOrig,Perc_photo,-0.15382765486937802
059,162.0,2,EventsOrig,Perc_photo,-0.2019051559223437
059,64.0,3,EventsOrig,Perc_photo,-0.7533929133205675
059,74.0,4,EventsOrig,Perc_photo,-0.10233176056597684
059,46.0,5,EventsOrig,Perc_photo,0.47646100543763326
059,37.0,6,EventsOrig,Perc_photo,-0.49515206185547084
059,294.0,1,EventsOrig,Sem_sent,1.0683624899255582
059,162.0,2,EventsOrig,Sem_sent,0.4439114314377492
059,64.0,3,EventsOrig,Sem_sent,1.1846756138838828
059,74.0,4,EventsOrig,Sem_sent,1.6294863875451926
059,46.0,5,EventsOrig,Sem_sent,2.0889977372210957
059,37.0,6,EventsOrig,Sem_sent,0.6161817976751843
059,294.0,1,EventsOrig,Perc_sent,0.45323468464090916
059,162.0,2,EventsOrig,Perc_sent,0.22361974281339367
059,64.0,3,EventsOrig,Perc_sent,-0.39300839925999753
059,74.0,4,EventsOrig,Perc_sent,0.41034622993823644
059,46.0,5,EventsOrig,Perc_sent,1.0408538631770923
059,37.0,6,EventsOrig,Perc_sent,-0.06509365181665162
056,294.0,1,SWNloc,S,0.8534185442822202
056,162.0,2,SWNloc,S,0.236715079072974
056,64.0,3,SWNloc,S,0.5132753522484563
056,74.0,4,SWNloc,S,0.3842788807594696
056,46.0,5,SWNloc,S,0.5161552317018715
056,37.0,6,SWNloc,S,0.019227933004364237
056,294.0,1,SWNloc,W,0.6036422647368306
056,162.0,2,SWNloc,W,0.03131716242609804
056,64.0,3,SWNloc,W,0.2214145605394151
056,74.0,4,SWNloc,W,0.3196420730280413
056,46.0,5,SWNloc,W,0.22667352515070335
056,37.0,6,SWNloc,W,-0.1102558875305427
056,294.0,1,SWNloc,N,-0.23470894608286563
056,162.0,2,SWNloc,N,-0.36319704410076764
056,64.0,3,SWNloc,N,-0.5370640402737384
056,74.0,4,SWNloc,N,-0.26804421170979637
056,46.0,5,SWNloc,N,0.09501736681820636
056,37.0,6,SWNloc,N,-0.19821387296542525
056,294.0,1,EventsOrig,Sem_photo,0.9838977336097939
056,162.0,2,EventsOrig,Sem_photo,0.09050288756757423
056,64.0,3,EventsOrig,Sem_photo,1.4741594018414617
056,74.0,4,EventsOrig,Sem_photo,1.7090537350222066
056,46.0,5,EventsOrig,Sem_photo,0.7499635295699472
056,37.0,6,EventsOrig,Sem_photo,0.6247533245666607
056,294.0,1,EventsOrig,Perc_photo,0.3869962544009394
056,162.0,2,EventsOrig,Perc_photo,-0.005915050521308993
056,64.0,3,EventsOrig,Perc_photo,0.44929466070607305
056,74.0,4,EventsOrig,Perc_photo,-0.0509707183652633
056,46.0,5,EventsOrig,Perc_photo,0.0929085647120424
056,37.0,6,EventsOrig,Perc_photo,-0.16303761383971652
056,294.0,1,EventsOrig,Sem_sent,1.8429826152872066
056,162.0,2,EventsOrig,Sem_sent,0.7609902460294787
056,64.0,3,EventsOrig,Sem_sent,1.4166009151376784
056,74.0,4,EventsOrig,Sem_sent,2.560969138467634
056,46.0,5,EventsOrig,Sem_sent,1.1801717859571395
056,37.0,6,EventsOrig,Sem_sent,0.7768486728136604
056,294.0,1,EventsOrig,Perc_sent,0.4189251750378179
056,162.0,2,EventsOrig,Perc_sent,0.1020310146757114
056,64.0,3,EventsOrig,Perc_sent,0.13237825641408563
056,74.0,4,EventsOrig,Perc_sent,0.22215093390361682
056,46.0,5,EventsOrig,Perc_sent,0.21470845112091172
056,37.0,6,EventsOrig,Perc_sent,-0.2442713037535951
067,294.0,1,SWNloc,S,0.8877060126115688
067,162.0,2,SWNloc,S,0.10804167347279887
067,64.0,3,SWNloc,S,-0.2694400489290274
067,74.0,4,SWNloc,S,0.9552460775060985
067,46.0,5,SWNloc,S,1.6814453854509022
067,37.0,6,SWNloc,S,-0.1480444681816021
067,294.0,1,SWNloc,W,0.5977655804437287
067,162.0,2,SWNloc,W,-0.13435671148235323
067,64.0,3,SWNloc,W,-0.3392133458837634
067,74.0,4,SWNloc,W,0.02674940140364138
067,46.0,5,SWNloc,W,0.5481907766636299
067,37.0,6,SWNloc,W,-0.7362682337092387
067,294.0,1,SWNloc,N,0.1400932325208623
067,162.0,2,SWNloc,N,-0.022919948508541642
067,64.0,3,SWNloc,N,-0.5009757644232499
067,74.0,4,SWNloc,N,0.28616671018965273
067,46.0,5,SWNloc,N,0.13785939438241548
067,37.0,6,SWNloc,N,-0.6468496877733652
067,294.0,1,EventsOrig,Sem_photo,0.28854614108496784
067,162.0,2,EventsOrig,Sem_photo,0.44092730670753455
067,64.0,3,EventsOrig,Sem_photo,0.7227102242177352
067,74.0,4,EventsOrig,Sem_photo,1.1579890812973719
067,46.0,5,EventsOrig,Sem_photo,1.4125140944252843
067,37.0,6,EventsOrig,Sem_photo,1.2818164648236454
067,294.0,1,EventsOrig,Perc_photo,0.20952038725736696
067,162.0,2,EventsOrig,Perc_photo,0.4265985231973047
067,64.0,3,EventsOrig,Perc_photo,0.6871290807903279
067,74.0,4,EventsOrig,Perc_photo,0.6366575771086925
067,46.0,5,EventsOrig,Perc_photo,1.315705523542736
067,37.0,6,EventsOrig,Perc_photo,0.9579876878777066
067,294.0,1,EventsOrig,Sem_sent,0.7323335503437081
067,162.0,2,EventsOrig,Sem_sent,0.5270977694955137
067,64.0,3,EventsOrig,Sem_sent,0.37063848358229734
067,74.0,4,EventsOrig,Sem_sent,1.7820504575565055
067,46.0,5,EventsOrig,Sem_sent,2.6891309515289636
067,37.0,6,EventsOrig,Sem_sent,1.1986722019878593
067,294.0,1,EventsOrig,Perc_sent,0.29264628695210027
067,162.0,2,EventsOrig,Perc_sent,0.2312888327388116
067,64.0,3,EventsOrig,Perc_sent,-0.029427484492771327
067,74.0,4,EventsOrig,Perc_sent,0.31752101779990904
067,46.0,5,EventsOrig,Perc_sent,1.1825056050134741
067,37.0,6,EventsOrig,Perc_sent,0.10615147101516659
068,294.0,1,SWNloc,S,1.296288600936946
068,162.0,2,SWNloc,S,0.5429631852371898
068,64.0,3,SWNloc,S,1.0520086500619072
068,74.0,4,SWNloc,S,0.4764351871237998
068,46.0,5,SWNloc,S,1.505295621879075
068,37.0,6,SWNloc,S,-0.17832015154501507
068,294.0,1,SWNloc,W,1.0833388253897753
068,162.0,2,SWNloc,W,-0.01867230787275382
068,64.0,3,SWNloc,W,0.43206938698131125
068,74.0,4,SWNloc,W,0.5091681069870656
068,46.0,5,SWNloc,W,1.244901419819697
068,37.0,6,SWNloc,W,-0.14302032576823556
068,294.0,1,SWNloc,N,0.5584316673147959
068,162.0,2,SWNloc,N,-0.4399096234624922
068,64.0,3,SWNloc,N,-0.20421080033217245
068,74.0,4,SWNloc,N,0.05601824690936016
068,46.0,5,SWNloc,N,1.3395897914297825
068,37.0,6,SWNloc,N,-0.011692032100515323
068,294.0,1,EventsOrig,Sem_photo,0.3366639499748949
068,162.0,2,EventsOrig,Sem_photo,-0.3088907466074567
068,64.0,3,EventsOrig,Sem_photo,0.83239143807441
068,74.0,4,EventsOrig,Sem_photo,0.7489931380023828
068,46.0,5,EventsOrig,Sem_photo,1.4852152927576199
068,37.0,6,EventsOrig,Sem_photo,0.6661238846545284
068,294.0,1,EventsOrig,Perc_photo,-0.13812519227262257
068,162.0,2,EventsOrig,Perc_photo,-0.8735215341511332
068,64.0,3,EventsOrig,Perc_photo,0.014152688207104802
068,74.0,4,EventsOrig,Perc_photo,0.15297550003270846
068,46.0,5,EventsOrig,Perc_photo,0.8583873817292245
068,37.0,6,EventsOrig,Perc_photo,0.15491036104189382
068,294.0,1,EventsOrig,Sem_sent,1.3552631200829737
068,162.0,2,EventsOrig,Sem_sent,-0.22198847906641017
068,64.0,3,EventsOrig,Sem_sent,1.5739788839127868
068,74.0,4,EventsOrig,Sem_sent,1.4024734144677986
068,46.0,5,EventsOrig,Sem_sent,1.8921889131483824
068,37.0,6,EventsOrig,Sem_sent,0.5540519646696143
068,294.0,1,EventsOrig,Perc_sent,0.21279430064391724
068,162.0,2,EventsOrig,Perc_sent,-1.0235903059810767
068,64.0,3,EventsOrig,Perc_sent,-0.08798093255609274
068,74.0,4,EventsOrig,Perc_sent,0.2702229002843032
068,46.0,5,EventsOrig,Perc_sent,1.357736114088608
068,37.0,6,EventsOrig,Perc_sent,-0.4219636325095151
019,294.0,1,SWNloc,S,0.752483492459832
019,162.0,2,SWNloc,S,0.6197683949345902
019,64.0,3,SWNloc,S,0.4726986169007432
019,74.0,4,SWNloc,S,1.5448969476164092
019,46.0,5,SWNloc,S,1.3533126917917389
019,37.0,6,SWNloc,S,1.7722051275541653
019,294.0,1,SWNloc,W,0.351028971385617
019,162.0,2,SWNloc,W,0.3936135707434589
019,64.0,3,SWNloc,W,0.2415342474996578
019,74.0,4,SWNloc,W,0.8556261905846564
019,46.0,5,SWNloc,W,0.8820548178830548
019,37.0,6,SWNloc,W,0.8679359021621782
019,294.0,1,SWNloc,N,-0.01982981657746432
019,162.0,2,SWNloc,N,-0.007862441305577977
019,64.0,3,SWNloc,N,-0.11823822940884081
019,74.0,4,SWNloc,N,0.3673999129788245
019,46.0,5,SWNloc,N,0.1924869196921371
019,37.0,6,SWNloc,N,0.47389600677667437
019,294.0,1,EventsOrig,Sem_photo,-0.12689015326932782
019,162.0,2,EventsOrig,Sem_photo,0.08927309623471012
019,64.0,3,EventsOrig,Sem_photo,-0.44062047463376075
019,74.0,4,EventsOrig,Sem_photo,-0.17564156721975352
019,46.0,5,EventsOrig,Sem_photo,-0.08014962976069553
019,37.0,6,EventsOrig,Sem_photo,-0.784273087575629
019,294.0,1,EventsOrig,Perc_photo,0.08877304824208523
019,162.0,2,EventsOrig,Perc_photo,0.2319042396352247
019,64.0,3,EventsOrig,Perc_photo,-0.09215986981871538
019,74.0,4,EventsOrig,Perc_photo,0.44945636869886435
019,46.0,5,EventsOrig,Perc_photo,-0.15693016479844632
019,37.0,6,EventsOrig,Perc_photo,-0.21670981008257414
019,294.0,1,EventsOrig,Sem_sent,-0.45419868103348887
019,162.0,2,EventsOrig,Sem_sent,-0.11054650718277251
019,64.0,3,EventsOrig,Sem_sent,-0.33706941053969786
019,74.0,4,EventsOrig,Sem_sent,-0.684837864862906
019,46.0,5,EventsOrig,Sem_sent,-0.6672989816769309
019,37.0,6,EventsOrig,Sem_sent,-1.449061152097341
019,294.0,1,EventsOrig,Perc_sent,0.2754431212587016
019,162.0,2,EventsOrig,Perc_sent,0.3362283515456466
019,64.0,3,EventsOrig,Perc_sent,-0.13523616222664714
019,74.0,4,EventsOrig,Perc_sent,0.21704592857811902
019,46.0,5,EventsOrig,Perc_sent,0.04142206133869679
019,37.0,6,EventsOrig,Perc_sent,0.16964713826372818
070,294.0,1,SWNloc,S,2.267614523183276
070,162.0,2,SWNloc,S,0.9835832763143236
070,64.0,3,SWNloc,S,0.7665819387232963
070,74.0,4,SWNloc,S,2.0280838439514786
070,46.0,5,SWNloc,S,2.9508873659955417
070,37.0,6,SWNloc,S,2.569814573671367
070,294.0,1,SWNloc,W,2.1139254432779793
070,162.0,2,SWNloc,W,0.7179775954120688
070,64.0,3,SWNloc,W,0.4573547349209548
070,74.0,4,SWNloc,W,0.7757923644841522
070,46.0,5,SWNloc,W,2.1894507647856423
070,37.0,6,SWNloc,W,2.2474875079618917
070,294.0,1,SWNloc,N,1.32018877055534
070,162.0,2,SWNloc,N,0.2598257672452222
070,64.0,3,SWNloc,N,-0.07852936262618944
070,74.0,4,SWNloc,N,0.591683883895376
070,46.0,5,SWNloc,N,1.2600932253079247
070,37.0,6,SWNloc,N,2.0065147352765673
070,294.0,1,EventsOrig,Sem_photo,0.7985416667751309
070,162.0,2,EventsOrig,Sem_photo,0.24736143202509409
070,64.0,3,EventsOrig,Sem_photo,0.6998068527318537
070,74.0,4,EventsOrig,Sem_photo,1.0650598308121837
070,46.0,5,EventsOrig,Sem_photo,0.7448129054644833
070,37.0,6,EventsOrig,Sem_photo,1.5823405062830127
070,294.0,1,EventsOrig,Perc_photo,-0.14477369537716414
070,162.0,2,EventsOrig,Perc_photo,-0.6201406208752298
070,64.0,3,EventsOrig,Perc_photo,-0.1873314551776275
070,74.0,4,EventsOrig,Perc_photo,-0.8091229578429783
070,46.0,5,EventsOrig,Perc_photo,0.08523573726415634
070,37.0,6,EventsOrig,Perc_photo,-0.2726846186293138
070,294.0,1,EventsOrig,Sem_sent,1.973722518939639
070,162.0,2,EventsOrig,Sem_sent,0.3032211521525442
070,64.0,3,EventsOrig,Sem_sent,0.5499993410194293
070,74.0,4,EventsOrig,Sem_sent,2.1156140590036236
070,46.0,5,EventsOrig,Sem_sent,3.1830030031826184
070,37.0,6,EventsOrig,Sem_sent,1.9217174117629592
070,294.0,1,EventsOrig,Perc_sent,-0.07210029678127798
070,162.0,2,EventsOrig,Perc_sent,-0.4721788040327805
070,64.0,3,EventsOrig,Perc_sent,-0.16467259533237666
070,74.0,4,EventsOrig,Perc_sent,-0.25090650053745184
070,46.0,5,EventsOrig,Perc_sent,0.3850558694937955
070,37.0,6,EventsOrig,Perc_sent,-0.25915741417053584
087,294.0,1,SWNloc,S,1.1694455514073292
087,162.0,2,SWNloc,S,0.9490903759894532
087,64.0,3,SWNloc,S,0.2569023376063342
087,74.0,4,SWNloc,S,1.4942177543605402
087,46.0,5,SWNloc,S,1.1865218093861705
087,37.0,6,SWNloc,S,1.96011028509285
087,294.0,1,SWNloc,W,0.8381641134188105
087,162.0,2,SWNloc,W,0.6029063431822039
087,64.0,3,SWNloc,W,-0.11868860290815064
087,74.0,4,SWNloc,W,1.104451797927755
087,46.0,5,SWNloc,W,0.9233911458564841
087,37.0,6,SWNloc,W,1.341411358601338
087,294.0,1,SWNloc,N,0.39243252463773415
087,162.0,2,SWNloc,N,0.14654253415884105
087,64.0,3,SWNloc,N,-0.5857202994617788
087,74.0,4,SWNloc,N,0.5101078005637638
087,46.0,5,SWNloc,N,0.5809582455583133
087,37.0,6,SWNloc,N,0.4646339708255386
087,294.0,1,EventsOrig,Sem_photo,0.39815832762250386
087,162.0,2,EventsOrig,Sem_photo,0.34283007136373606
087,64.0,3,EventsOrig,Sem_photo,0.5342968544573523
087,74.0,4,EventsOrig,Sem_photo,0.07637483822936947
087,46.0,5,EventsOrig,Sem_photo,0.5598793212810288
087,37.0,6,EventsOrig,Sem_photo,-0.32896550926002294
087,294.0,1,EventsOrig,Perc_photo,0.42906559936600885
087,162.0,2,EventsOrig,Perc_photo,0.3732824498258623
087,64.0,3,EventsOrig,Perc_photo,0.10900078224949539
087,74.0,4,EventsOrig,Perc_photo,0.19529070604491877
087,46.0,5,EventsOrig,Perc_photo,0.6391055162834085
087,37.0,6,EventsOrig,Perc_photo,-0.16200524075208483
087,294.0,1,EventsOrig,Sem_sent,1.4271502262424856
087,162.0,2,EventsOrig,Sem_sent,0.8618294133080376
087,64.0,3,EventsOrig,Sem_sent,0.8950809472007677
087,74.0,4,EventsOrig,Sem_sent,1.502983999212046
087,46.0,5,EventsOrig,Sem_sent,1.9763214439153671
087,37.0,6,EventsOrig,Sem_sent,0.45373338622015874
087,294.0,1,EventsOrig,Perc_sent,0.4735772550536865
087,162.0,2,EventsOrig,Perc_sent,-0.008924234060593594
087,64.0,3,EventsOrig,Perc_sent,-0.35033844865392894
087,74.0,4,EventsOrig,Perc_sent,0.22357886319829
087,46.0,5,EventsOrig,Perc_sent,0.5678758974308553
087,37.0,6,EventsOrig,Perc_sent,-0.1180916942051939
078,294.0,1,SWNloc,S,0.9933523425405799
078,162.0,2,SWNloc,S,0.900863982067317
078,64.0,3,SWNloc,S,0.5311295491143634
078,74.0,4,SWNloc,S,0.7316607403136823
078,46.0,5,SWNloc,S,1.143741818225902
078,37.0,6,SWNloc,S,0.7750120722134975
078,294.0,1,SWNloc,W,1.0500666252182969
078,162.0,2,SWNloc,W,0.7984670357387743
078,64.0,3,SWNloc,W,0.2773830610094592
078,74.0,4,SWNloc,W,0.6583525619243045
078,46.0,5,SWNloc,W,0.9822688808907634
078,37.0,6,SWNloc,W,0.8041651440230576
078,294.0,1,SWNloc,N,0.3496798275843344
078,162.0,2,SWNloc,N,-0.2700209283114123
078,64.0,3,SWNloc,N,-0.4470101034845963
078,74.0,4,SWNloc,N,0.17700655014581373
078,46.0,5,SWNloc,N,0.4773532743498251
078,37.0,6,SWNloc,N,0.2348025969212858
078,294.0,1,EventsOrig,Sem_photo,-0.5040511337780476
078,162.0,2,EventsOrig,Sem_photo,-0.43837911010156444
078,64.0,3,EventsOrig,Sem_photo,1.275697238277644
078,74.0,4,EventsOrig,Sem_photo,-0.15707697145439484
078,46.0,5,EventsOrig,Sem_photo,0.12766824084658013
078,37.0,6,EventsOrig,Sem_photo,-0.4551799941707302
078,294.0,1,EventsOrig,Perc_photo,-0.34437252212866987
078,162.0,2,EventsOrig,Perc_photo,-0.08067574139316509
078,64.0,3,EventsOrig,Perc_photo,0.5910839037387632
078,74.0,4,EventsOrig,Perc_photo,-0.1051875443978084
078,46.0,5,EventsOrig,Perc_photo,-0.07708416466155778
078,37.0,6,EventsOrig,Perc_photo,-0.5144433753715979
078,294.0,1,EventsOrig,Sem_sent,0.020373719370588152
078,162.0,2,EventsOrig,Sem_sent,0.25964475296621703
078,64.0,3,EventsOrig,Sem_sent,1.0986771100724582
078,74.0,4,EventsOrig,Sem_sent,0.1195465398297922
078,46.0,5,EventsOrig,Sem_sent,0.31960798508447147
078,37.0,6,EventsOrig,Sem_sent,-0.0670001120180697
078,294.0,1,EventsOrig,Perc_sent,-0.05814309841414698
078,162.0,2,EventsOrig,Perc_sent,0.09683925814834642
078,64.0,3,EventsOrig,Perc_sent,0.3500251352088526
078,74.0,4,EventsOrig,Perc_sent,-0.02978964351318978
078,46.0,5,EventsOrig,Perc_sent,0.06779677259897732
078,37.0,6,EventsOrig,Perc_sent,-0.4117663770511344
089,294.0,1,SWNloc,S,1.1034729479808918
089,162.0,2,SWNloc,S,0.5386790669323884
089,64.0,3,SWNloc,S,0.45119581611894927
089,74.0,4,SWNloc,S,1.0512425277113646
089,46.0,5,SWNloc,S,3.3301284071327983
089,37.0,6,SWNloc,S,2.1585791409015656
089,294.0,1,SWNloc,W,0.6380420396901147
089,162.0,2,SWNloc,W,0.33475897566380874
089,64.0,3,SWNloc,W,0.09232542882091366
089,74.0,4,SWNloc,W,0.4420786131790059
089,46.0,5,SWNloc,W,2.51767953193706
089,37.0,6,SWNloc,W,1.3566652141712807
089,294.0,1,SWNloc,N,0.06721393955272756
089,162.0,2,SWNloc,N,-0.16439892728563874
089,64.0,3,SWNloc,N,-0.2843925876004505
089,74.0,4,SWNloc,N,-0.2152489246548833
089,46.0,5,SWNloc,N,1.5313419139795545
089,37.0,6,SWNloc,N,0.327596253900042
089,294.0,1,EventsOrig,Sem_photo,0.2744357437655634
089,162.0,2,EventsOrig,Sem_photo,0.403617693502226
089,64.0,3,EventsOrig,Sem_photo,1.35057607665658
089,74.0,4,EventsOrig,Sem_photo,0.48815306014305837
089,46.0,5,EventsOrig,Sem_photo,0.28541587147375813
089,37.0,6,EventsOrig,Sem_photo,0.6821126112261334
089,294.0,1,EventsOrig,Perc_photo,0.589761386568449
089,162.0,2,EventsOrig,Perc_photo,0.5837748355151694
089,64.0,3,EventsOrig,Perc_photo,1.500076986150816
089,74.0,4,EventsOrig,Perc_photo,1.0748058142694268
089,46.0,5,EventsOrig,Perc_photo,1.65926273231921
089,37.0,6,EventsOrig,Perc_photo,1.5191538857447136
089,294.0,1,EventsOrig,Sem_sent,1.3398018986823
089,162.0,2,EventsOrig,Sem_sent,0.6462130492760075
089,64.0,3,EventsOrig,Sem_sent,1.1236556216608733
089,74.0,4,EventsOrig,Sem_sent,1.7509156562186576
089,46.0,5,EventsOrig,Sem_sent,3.618998911069787
089,37.0,6,EventsOrig,Sem_sent,2.786257779276049
089,294.0,1,EventsOrig,Perc_sent,1.4357939993037658
089,162.0,2,EventsOrig,Perc_sent,0.6699884855705831
089,64.0,3,EventsOrig,Perc_sent,1.0089705551508814
089,74.0,4,EventsOrig,Perc_sent,1.8915362551405623
089,46.0,5,EventsOrig,Perc_sent,4.1865136519722315
089,37.0,6,EventsOrig,Perc_sent,2.9027476890667065
076,294.0,1,SWNloc,S,1.1185144369841604
076,162.0,2,SWNloc,S,-0.08726144664119732
076,64.0,3,SWNloc,S,0.41004418965409667
076,74.0,4,SWNloc,S,1.2329936862319104
076,46.0,5,SWNloc,S,2.346010940908657
076,37.0,6,SWNloc,S,-0.6699547296272473
076,294.0,1,SWNloc,W,0.8837839872861395
076,162.0,2,SWNloc,W,-0.32154911119536855
076,64.0,3,SWNloc,W,-0.30581342545337975
076,74.0,4,SWNloc,W,1.4105410408732053
076,46.0,5,SWNloc,W,2.669926555260368
076,37.0,6,SWNloc,W,-0.9688289580564644
076,294.0,1,SWNloc,N,0.1277266181069595
076,162.0,2,SWNloc,N,-0.4652592402196838
076,64.0,3,SWNloc,N,-0.9049963656192025
076,74.0,4,SWNloc,N,0.6686720769705046
076,46.0,5,SWNloc,N,0.8001025240544392
076,37.0,6,SWNloc,N,-0.999475781797423
076,294.0,1,EventsOrig,Sem_photo,-0.05111269794759296
076,162.0,2,EventsOrig,Sem_photo,-0.2583466696518439
076,64.0,3,EventsOrig,Sem_photo,1.4787180349230766
076,74.0,4,EventsOrig,Sem_photo,2.4405165459658646
076,46.0,5,EventsOrig,Sem_photo,0.7149366269940916
076,37.0,6,EventsOrig,Sem_photo,-0.8762015660066862
076,294.0,1,EventsOrig,Perc_photo,0.9485550975160939
076,162.0,2,EventsOrig,Perc_photo,0.3758440435990507
076,64.0,3,EventsOrig,Perc_photo,1.8587484834715724
076,74.0,4,EventsOrig,Perc_photo,1.785725105453182
076,46.0,5,EventsOrig,Perc_photo,1.1340387353430623
076,37.0,6,EventsOrig,Perc_photo,0.07653688558855572
076,294.0,1,EventsOrig,Sem_sent,1.076141431927681
076,162.0,2,EventsOrig,Sem_sent,-0.3266418748707683
076,64.0,3,EventsOrig,Sem_sent,1.0212930091656744
076,74.0,4,EventsOrig,Sem_sent,3.319740131094649
076,46.0,5,EventsOrig,Sem_sent,2.3307434994241465
076,37.0,6,EventsOrig,Sem_sent,-0.09817323833703995
076,294.0,1,EventsOrig,Perc_sent,0.9703506291368786
076,162.0,2,EventsOrig,Perc_sent,0.02737194587143115
076,64.0,3,EventsOrig,Perc_sent,1.5273876073770225
076,74.0,4,EventsOrig,Perc_sent,1.4915969154319249
076,46.0,5,EventsOrig,Perc_sent,0.5994746950657471
076,37.0,6,EventsOrig,Perc_sent,-0.12539697337794947
